Silver saprit,1200,,"College Road, Lahore•",https://images.olx.com.pk/thumbnails/225968199-240x180.webp,https://www.olx.com.pk/item/silver-saprit-iid-1046155990,No element found
Leather bag and laptop bag,0,0,"Ali Town, Lahore•",https://images.olx.com.pk/thumbnails/225968144-240x180.webp,https://www.olx.com.pk/item/leather-bag-and-laptop-bag-iid-1046155982,No element found
last of us 2 PS4,500,,"Gulberg 5, Lahore•",https://images.olx.com.pk/thumbnails/225968110-240x180.webp,https://www.olx.com.pk/item/last-of-us-2-ps4-iid-1046155975,No element found
Labrador pups,25000,,"Rehmat Colony, Lahore•",https://images.olx.com.pk/thumbnails/225968084-240x180.webp,https://www.olx.com.pk/item/labrador-pups-iid-1046155972,No element found
apple airpods pro,30000,,"Gulshan-e-Ravi, Lahore•",https://images.olx.com.pk/thumbnails/225881676-240x180.webp,https://www.olx.com.pk/item/apple-airpods-pro-iid-1046139379,No element found
Durbeen pigeons breeder pair for sale one male two female,7000,,"Tajpura, Lahore•",https://images.olx.com.pk/thumbnails/225871855-240x180.webp,https://www.olx.com.pk/item/durbeen-pigeons-breeder-pair-for-sale-one-male-two-female-iid-1046137562,No element found
zkteco 50 biometric time attendance machine,12500,,"Defence Road, Lahore•",https://images.olx.com.pk/thumbnails/215344120-240x180.webp,https://www.olx.com.pk/item/zkteco-time-attendance-machine-k50-iid-1044082310,No element found
gopro hero 10 battery,6500,,"Shahdara, Lahore•",https://images.olx.com.pk/thumbnails/204255519-240x180.webp,https://www.olx.com.pk/item/gopro-hero-10-battery-iid-1041905744,No element found
BUPMER TO BUMER GENUIN. SUZUKI ALTO,685000,,"Daroghewala, Lahore•",https://images.olx.com.pk/thumbnails/225968042-240x180.webp,https://www.olx.com.pk/item/bupmer-to-bumer-genuin-suzuki-alto-iid-1046155968,No element found
Hp Spectre x360 13 ultra Core i7 6th Gen laptop for sale me,42000,,"Izmir Town, Lahore•",https://images.olx.com.pk/thumbnails/225968029-240x180.webp,https://www.olx.com.pk/item/hp-spectre-x360-13-ultra-core-i7-6th-gen-laptop-for-sale-me-iid-1046155964,No element found
Wooden Book Rack cum Writing Table can use as Dressing Table.,12000,,"Audit & Accounts Housing Society, Lahore•",https://images.olx.com.pk/thumbnails/225906020-240x180.webp,https://www.olx.com.pk/item/wooden-book-rack-cum-writing-table-can-use-as-dressing-table-iid-1046143914,No element found
samsung s6 board and all parts,1500,,"Kotli Abdur Rahman, Lahore•",https://images.olx.com.pk/thumbnails/225809917-240x180.webp,https://www.olx.com.pk/item/samsung-s6-board-and-all-parts-iid-1046125987,No element found
biometric attendance and access control devices,4000,,"Gajju Matah, Lahore•",https://images.olx.com.pk/thumbnails/214874385-240x180.webp,https://www.olx.com.pk/item/biometric-attendance-and-access-control-devices-iid-1043989069,No element found
electric magnetic locks,3000,,"Kalma Chowk, Lahore•",https://images.olx.com.pk/thumbnails/214874206-240x180.webp,https://www.olx.com.pk/item/electric-magnetic-locks-iid-1043989028,No element found
