Residential Plot For Grabs In 4500 Square Feet Lahore,18580000,,"Bahria Town, Lahore",https://images.olx.com.pk/thumbnails/226273302-240x180.webp,https://www.olx.com.pk/item/residential-plot-for-grabs-in-4500-square-feet-lahore-iid-1046217927,No element found
4500 Square Feet Residential Plot In Bahria Town - Tauheed Block For s,18560000,,"Bahria Town, Lahore",https://images.olx.com.pk/thumbnails/226273299-240x180.webp,https://www.olx.com.pk/item/4500-square-feet-residential-plot-in-bahria-town-tauheed-block-for-s-iid-1046217924,No element found
A Stunning Residential Plot Is Up For Grabs In Bahria Town - Tauheed B,18500000,,"Bahria Town, Lahore",https://images.olx.com.pk/thumbnails/226273274-240x180.webp,https://www.olx.com.pk/item/a-stunning-residential-plot-is-up-for-grabs-in-bahria-town-tauheed-b-iid-1046217919,No element found
Huawei charger mate 40 pro 66 watt 100% original Box pulled,2200,,"Faisal Town, Lahore",https://images.olx.com.pk/thumbnails/226273232-240x180.webp,https://www.olx.com.pk/item/huawei-charger-mate-40-pro-66-watt-100-original-box-pulled-iid-1046217912,No element found
For sale,8000,,"Jubilee Town, Lahore",https://images.olx.com.pk/thumbnails/226273230-240x180.webp,https://www.olx.com.pk/item/for-sale-iid-1046217911,No element found
Speakers 8 inch pair,3600,,"Gulshan Colony, Lahore",https://images.olx.com.pk/thumbnails/226273222-240x180.webp,https://www.olx.com.pk/item/speakers-8-inch-pair-iid-1046217909,No element found
Get In Touch Now To Buy A 2 Marla House In Lalazaar Garden,5000000,,"Lalazaar Garden, Lahore",https://images.olx.com.pk/thumbnails/226273212-240x180.webp,https://www.olx.com.pk/item/get-in-touch-now-to-buy-a-2-marla-house-in-lalazaar-garden-iid-1046217906,No element found
Become Owner Of Your House Today Which Is Centrally Located In Lalazaa,5000000,,"Lalazaar Garden, Lahore",https://images.olx.com.pk/thumbnails/226273210-240x180.webp,https://www.olx.com.pk/item/become-owner-of-your-house-today-which-is-centrally-located-in-lalazaa-iid-1046217905,No element found
Building For Sale In Lalazaar Garden Lalazaar Garden,7000000,,"Lalazaar Garden, Lahore",https://images.olx.com.pk/thumbnails/226273205-240x180.webp,https://www.olx.com.pk/item/building-for-sale-in-lalazaar-garden-lalazaar-garden-iid-1046217903,No element found
House For Sale In Lalazaar Garden Lalazaar Garden,7500000,,"Lalazaar Garden, Lahore",https://images.olx.com.pk/thumbnails/226273204-240x180.webp,https://www.olx.com.pk/item/house-for-sale-in-lalazaar-garden-lalazaar-garden-iid-1046217902,No element found
"House For Sale In Rs. 11,000,000",11000000,,"Lalazaar Garden, Lahore",https://images.olx.com.pk/thumbnails/226273200-240x180.webp,https://www.olx.com.pk/item/house-for-sale-in-rs-11000000-iid-1046217898,No element found
5 Marla House In Lalazaar Garden Is Best Option,14000000,,"Lalazaar Garden, Lahore",https://images.olx.com.pk/thumbnails/226273182-240x180.webp,https://www.olx.com.pk/item/5-marla-house-in-lalazaar-garden-is-best-option-iid-1046217895,No element found
Ideal House For sale In Lalazaar Garden,7700000,,"Lalazaar Garden, Lahore",https://images.olx.com.pk/thumbnails/226273181-240x180.webp,https://www.olx.com.pk/item/ideal-house-for-sale-in-lalazaar-garden-iid-1046217894,No element found
Your Dream 2.25 Marla House Is Available In Lalazaar Garden,5500000,,"Lalazaar Garden, Lahore",https://images.olx.com.pk/thumbnails/226273179-240x180.webp,https://www.olx.com.pk/item/your-dream-225-marla-house-is-available-in-lalazaar-garden-iid-1046217892,No element found
