FT50 Smartwatch Women Men Smart watch,3690,,"Cavalry Ground, Lahore",https://images.olx.com.pk/thumbnails/226274370-240x180.webp,https://www.olx.com.pk/item/ft50-smartwatch-women-men-smart-watch-iid-1046218150,No element found
Bengalize ready to breed,2200,,"Garhi Shahu, Lahore",https://images.olx.com.pk/thumbnails/226274337-240x180.webp,https://www.olx.com.pk/item/bengalize-ready-to-breed-iid-1046218143,No element found
all chandi ring. orignal stones.,10000,,"Cantt View Society, Lahore",https://images.olx.com.pk/thumbnails/226274264-240x180.webp,https://www.olx.com.pk/item/all-chandi-ring-orignal-stones-iid-1046218137,No element found
Dish Antenna in Lahore Provide All New Models,4500,,"Bahria Town, Lahore",https://images.olx.com.pk/thumbnails/226274236-240x180.webp,https://www.olx.com.pk/item/dish-antenna-in-lahore-provide-all-new-models-iid-1046218131,No element found
Plymouth Rock Roster For Sale,2000,,"Ghazi Road, Lahore",https://images.olx.com.pk/thumbnails/226274203-240x180.webp,https://www.olx.com.pk/item/plymouth-rock-roster-for-sale-iid-1046218128,No element found
Burner Stove,3000,,"Shahdara, Lahore",https://images.olx.com.pk/thumbnails/226274202-240x180.webp,https://www.olx.com.pk/item/burner-stove-iid-1046218127,No element found
all cars poshish available,7500,,"Bahria Orchard, Lahore",https://images.olx.com.pk/thumbnails/226274199-240x180.webp,https://www.olx.com.pk/item/all-cars-poshish-available-iid-1046218126,No element found
singer knitting machine SK 600 medan Japan,49999,,"Anarkali, Lahore",https://images.olx.com.pk/thumbnails/226210901-240x180.webp,https://www.olx.com.pk/item/singer-knitting-machine-sk-600-medan-japan-iid-1046205713,No element found
Rent Your Dream House In Lahore's Great Location,170000,,"Cavalry Ground, Lahore",https://images.olx.com.pk/thumbnails/220220493-240x180.webp,https://www.olx.com.pk/item/rent-your-dream-house-in-lahores-great-location-iid-1045045542,No element found
HOUSE FOR RENT,170000,,"Cavalry Ground, Lahore",https://images.olx.com.pk/thumbnails/220208568-240x180.webp,https://www.olx.com.pk/item/house-for-rent-iid-1045042702,No element found
"2474 Sqft, Office Is Available In Alhafeez Executive",320000,,"Gulberg 3, Lahore",https://images.olx.com.pk/thumbnails/216182525-240x180.webp,https://www.olx.com.pk/item/2474-sqft-office-is-available-in-alhafeez-executive-iid-1044252471,No element found
Insta geyser parts,321,,"Saqib Town, Lahore",https://images.olx.com.pk/thumbnails/210020368-240x180.webp,https://www.olx.com.pk/item/insta-geyser-parts-iid-1043044769,No element found
New suzuki khaybar,495000,,"Shahdara, Lahore",https://images.olx.com.pk/thumbnails/226274176-240x180.webp,https://www.olx.com.pk/item/new-suzuki-khaybar-iid-1046218120,No element found
australian parrot pair tcb,2500,,"Al Faisal Town, Lahore",https://images.olx.com.pk/thumbnails/226274111-240x180.webp,https://www.olx.com.pk/item/australian-parrot-pair-tcb-iid-1046218113,No element found
